iteration,ridge_r2,gp_r2,total_r2,beta_0,beta_1,beta_2,beta_3,beta_4,beta_5,beta_6,beta_7,beta_8,beta_9,beta_10,beta_11,beta_12,beta_13,beta_14,beta_15,beta_16,beta_17,beta_18,intercept,matern const,matern_ls,dp const,dot_prod_sigma,noise
0,0.4792993845234176,0.4702411553541683,0.7241542435387522,-0.23274199986175695,-0.031374023402105725,-0.4443023388591347,-0.20829794977735494,1.3816723898611654,1.1147967172600657,-0.8767453665619711,-0.5018395911546515,-1.1810454603888938,-1.6733120130922652,-0.06554820479496413,0.45075773169391165,0.0,-0.9948641791922572,1.6630647227264006,-0.1085475764632788,-0.49278543057813406,0.1547963234874293,-0.19475606745217366,-0.36416530918743006,0.11832159566199232,220.0,3.1622776601683795e-05,0.04,0.1
1,0.4662389441213326,0.5460566236042862,0.7583141659550181,-0.10478887283373978,-0.1175378310207045,-0.30374381149941054,-0.12069231531838269,1.3643825573737636,1.1489990362964202,-1.1242761501312828,-0.9260970564045775,-0.9476984289214064,-1.3923601769913099,0.3721015736077292,0.3373702136996232,0.0,-0.8778493127562133,1.2926600024797292,-0.14144904049375337,-0.11320694372688869,0.01013701660071594,-0.31517911780421504,-0.40467473669442294,0.11832159566199232,220.0,3.1622776601683795e-05,0.04,0.1
2,0.45383890276565797,0.5546573082336284,0.75717967990992,-0.03599743378292453,-0.12662006515758242,-0.268157212910281,-0.0037771343181461224,1.323371878890921,0.7853171319409583,-1.020494106836728,-1.0962519707475058,-0.946187517701935,-1.3782314109549831,0.4896920562518815,0.4178797718280244,0.0,-0.8841560263874746,1.2722681253892476,-0.11592207398980975,-0.074802494259781,-0.06000605640762543,-0.29107802240012826,-0.4523884834056545,0.11832159566199232,220.0,3.1622776601683795e-05,0.04,0.1
3,0.4424215480933017,0.5622231074779869,0.7563100717661347,-0.1596369120431526,-0.10898639046799179,-0.18585217170914922,0.06273855680036343,1.1974370797268994,0.8421914875221052,-1.0007257800177902,-0.9664983869986372,-0.8528552832015651,-1.3735478585918872,0.4050480208680473,0.35981821127822056,0.0,-0.8798178909932763,1.2098392999176022,-0.12202591744382996,-0.20597036281195313,-0.01047507262010933,-0.4022512962058243,-0.311785556159193,0.11832159566199232,220.0,3.1622776601683795e-05,0.04,0.1
4,0.4320039409973143,0.5818001970978273,0.763172024651835,-0.253144209380873,-0.0727043310103123,-0.22397080978823547,0.12733150148880004,1.139007736384406,0.8062649879143022,-0.999803744443724,-0.9728037943714156,-0.7729278729515773,-1.2141550415574622,0.5024159079003687,0.33073519127448786,0.0,-0.7711636495624081,1.1609163680807053,-0.1297265194518338,-0.25519079977513537,-0.012370495810786997,-0.5121477860099569,-0.2091026025209763,0.11832159566199232,220.0,3.1622776601683795e-05,0.04,0.1
5,0.4271646526874774,0.5838881643086993,0.7618068725202012,-0.22410690552104118,-0.03673801712040633,-0.22952583976180616,0.195509443917081,1.0693672437601665,0.6455754993993371,-0.8876510307896807,-0.9207567618038229,-0.855188772243276,-1.2764106852613522,0.45612298641273524,0.34584468217988873,0.0,-0.8097247370494972,1.1657557878098288,-0.11427477615482662,-0.36963303005621123,-0.01528177310124942,-0.4832666513137802,-0.190546652592249,0.11832159566199232,220.0,3.1622776601683795e-05,0.04,0.1
6,0.4265982057115346,0.5919465399797097,0.7660750432040143,-0.257604564441133,-0.06105637230043781,-0.2532606737759476,0.19566141044124388,1.0913780643192434,0.6264556008031196,-0.8727380811078925,-0.8854915863486165,-0.8189339858822571,-1.4194422521486727,0.5321708771665393,0.2826728600951875,0.0,-0.8681931979276887,1.2691937112296068,-0.11778173829823296,-0.3031759047342993,-0.0505337917828232,-0.4596789759005986,-0.23541379068721302,0.11832159566199232,220.0,3.1622776601683795e-05,0.04,0.1
7,0.4152241657578819,0.5819234825433675,0.7564022171859518,-0.20528005118469167,-0.06626234369940569,-0.18850082741251517,0.19060541250692442,1.0362549333160722,0.7581724070746279,-0.9096730017078981,-0.9614211668737038,-0.7737105360984686,-1.329023031221661,0.5100540580821401,0.3301444145637334,0.0,-0.8412316956311859,1.0968272534555077,-0.12345185813085205,-0.30215404154013814,-0.07466720284366972,-0.46780266708570784,-0.16524382359876327,0.11832159566199232,220.0,3.1622776601683795e-05,0.04,0.1
8,0.4154248946958201,0.5930597127106648,0.7643626304908984,-0.29601504686569846,-0.05318669221525282,-0.15289390727676608,0.20205018764110666,1.0756658519701747,0.6053995434299826,-0.888370993960989,-0.8988277198765421,-0.894540122242025,-1.3049925931629176,0.49784631799733603,0.3350492179739134,0.0,-0.8420370694897232,1.269926992289609,-0.102282904976648,-0.3288504817239511,0.01801588301818131,-0.4418446311205184,-0.1925233934398233,0.11832159566199232,220.0,3.1622776601683795e-05,0.04,0.1
9,0.4178629419162878,0.5892063293580775,0.7626788871665613,-0.24050367738074296,-0.08674667318525522,-0.12234069376325812,0.1563111037537574,1.0579432924388472,0.7517163045906715,-0.9881412687450942,-0.9223723979520441,-0.7964177030074615,-1.2641528103376654,0.45733415523475435,0.2839713248264957,0.0,-0.7911695155242703,1.2846070701827998,-0.10601391381509306,-0.3199728340141402,-0.04063324487839526,-0.4438567816184906,-0.16881975811176192,0.11832159566199232,220.0,3.1622776601683795e-05,0.04,0.1
10,0.4150920764972488,0.5896702395269333,0.7609430799458653,-0.27678918520332013,-0.04786637230861035,-0.23807772791280582,0.20641997757086525,0.9978850267939585,0.7693372765502344,-0.8295601384199701,-0.9362657604691849,-0.8457995197594229,-1.2825787462625315,0.4790692205310193,0.3676731068601956,0.0,-0.7692961060760326,1.2080514530995785,-0.12108044588643858,-0.3610600006872885,-0.014450120233609596,-0.42188398576089053,-0.1552598636756078,0.11832159566199232,220.0,3.1622776601683795e-05,0.04,0.1
11,0.40409314935307905,0.5894069796390924,0.7575215595110578,-0.28050860012936923,0.013666717161820194,-0.2964552091923439,0.23250030341243416,1.0676781010790406,0.7405440808648641,-0.9721401459555409,-0.8294221244832233,-0.8470311395094362,-1.3075252416291916,0.5536431056405708,0.39506330609370494,0.0,-0.7849362309866872,1.0499285338365762,-0.1327216171074972,-0.1780309912919806,-0.032755381502769756,-0.4704508033238197,-0.20942125826902136,0.11832159566199232,220.0,3.1622776601683795e-05,0.04,0.1
12,0.41360590365203476,0.5890647326904066,0.7611442634680311,-0.272668022201447,-0.01949037551661112,-0.173457631114055,0.1882573897892469,1.0697350560832086,0.7335451345980833,-0.9077904856654376,-0.9012967946257991,-0.8553664353493106,-1.4685738705390083,0.4646343822415495,0.4321553045068087,0.0,-0.8669471572342796,1.1238086329560386,-0.11314941628805367,-0.28478327523056146,0.029640738114668337,-0.48249697387815704,-0.18302937269604894,0.11832159566199232,220.0,3.1622776601683795e-05,0.04,0.1
13,0.41627847847873745,0.5878657199663927,0.7617916584549225,-0.2919863746758552,0.005221859460073864,-0.23133008483481576,0.16117065678672415,0.9834773663549196,0.8024744733427063,-0.8820889180949316,-0.7460304748824336,-0.8196207126518925,-1.387267625719252,0.4459549332364172,0.4333483785037687,0.0,-0.79055441789157,1.2017006753357964,-0.10649097691645236,-0.4097578870398797,-0.0199469557253822,-0.40924234951930677,-0.09743567265199597,0.11832159566199232,220.0,3.1622776601683795e-05,0.04,0.1
14,0.41114003364399343,0.5933901843229574,0.7624599270420027,-0.22160770960994808,-0.04570646290417019,-0.11177636165329899,0.16887950971760535,1.0009903055486267,0.7250280844182602,-0.85311627839761,-0.9927758353718923,-0.8431716918444494,-1.2751743913398312,0.4623670886813742,0.4016833228365294,0.0,-0.8371143391138809,1.1927896249097134,-0.12220887532390055,-0.35545207066459544,-0.009613568714995096,-0.3840925131842111,-0.160715151177801,0.11832159566199232,220.0,3.1622776601683795e-05,0.04,0.1
15,0.41487384095885527,0.5977966913109154,0.7670485882060765,-0.19531413782767565,0.0052042385743875375,-0.21413556156384794,0.17821814291547738,1.0489187516430605,0.7090621791619907,-0.9375049962435986,-1.0270074097530393,-0.8998433912321296,-1.2750389971858145,0.5553124040441516,0.3842942606763783,0.0,-0.7255174489202305,1.1969280387507442,-0.13496308370329096,-0.2937808408116505,-0.03218446463271144,-0.37608236221458385,-0.19361886011895463,0.11832159566199232,220.0,3.1622776601683795e-05,0.04,0.1
16,0.4069209251855346,0.5911305640070199,0.7610776360240564,-0.2289999000093457,-0.05887489171757695,-0.15993402030652756,0.183359328508819,1.0267626959330391,0.6883951278135303,-0.8989949991019592,-0.938605933781355,-0.8410251454109746,-1.2941084210826845,0.5041091062443233,0.2884739501732303,0.0,-0.7970568690102663,1.2425439421125573,-0.09762280397301767,-0.32360623654844217,-0.05086847307139934,-0.4743775966628682,-0.11599087768042723,0.11832159566199232,220.0,3.1622776601683795e-05,0.04,0.1
17,0.4157053217741137,0.5919594645854629,0.7654700437497914,-0.2798157655559469,-0.024129288746131638,-0.17999094440820515,0.15241581716826488,1.0436222723100868,0.7038586881623583,-0.910841113848861,-0.8935316177717184,-0.8109947630411544,-1.0986587398924041,0.5982633564548915,0.24093106825771385,0.0,-0.8280378695503522,1.219480282232497,-0.10296929540919948,-0.3857515998681853,-0.03389889329926552,-0.5045017041303442,-0.07170604201267484,0.11832159566199232,220.0,3.1622776601683795e-05,0.04,0.1
18,0.42002774220768,0.5749580042996187,0.7559114778675571,-0.2534154767605332,-0.06106479134437913,-0.19484609850012596,0.15957721845299547,1.1281942367917848,0.6350425507757248,-0.9051829660166334,-0.9441770426991498,-0.776661522425317,-1.3071755991865344,0.519452514035501,0.3077780736603996,0.0,-0.8608012369485233,1.0915425428387104,-0.12386488597015541,-0.23136439119645302,-0.011305266928124804,-0.45213049756609824,-0.22095997332235617,0.11832159566199232,220.0,3.1622776601683795e-05,0.04,0.1
19,0.4236045978294445,0.5893553153978381,0.7640460944756446,-0.3063768703284939,0.001960296434592045,-0.217307054162323,0.20176370136547891,1.0881264286833219,0.7727559902016496,-0.9026513684594515,-0.9362658245368664,-0.9347522550815022,-1.2310635916567294,0.4279286656525557,0.3909292707158666,0.0,-0.8409480245443993,1.1376785689134326,-0.12083748551444433,-0.3300888125143621,0.025051013738257247,-0.45714315071600325,-0.21269859779298333,0.11832159566199232,220.0,3.1622776601683795e-05,0.04,0.1
20,0.42190197384077943,0.5753735704956695,0.755749025170954,-0.2018793394905612,-0.004660436135538633,-0.19169373687259036,0.12664854844171575,1.0382773768240674,0.7538318012680055,-0.9590832512516989,-0.950091262579175,-0.674987760159424,-1.2445269983908802,0.5604111820026664,0.37592185121221433,0.0,-0.8268163668460087,1.1298245876384554,-0.12619928240183106,-0.3308154023531432,-0.009148909481315672,-0.40974347638468483,-0.17262687888033568,0.11832159566199232,220.0,3.1622776601683795e-05,0.04,0.1
21,0.41095857144350245,0.6016005288576982,0.766446088976823,-0.2444761530224617,-0.007749507860332097,-0.35621263675090387,0.21117987029953283,0.9983006467508865,0.8072965695280557,-0.9057918560817866,-0.7665765119974861,-0.7938645849557665,-1.403729314794922,0.43721354941150503,0.2558526181133203,0.0,-0.7376089249576329,1.180223596333324,-0.14808578522310953,-0.24752227503453636,-0.06171144111081908,-0.3784591528140251,-0.1881780938394074,0.11832159566199232,220.0,3.1622776601683795e-05,0.04,0.1
22,0.4141752026347537,0.6049979111130623,0.7698570052646008,-0.3406113664124008,0.02420389752905258,-0.2853054643998997,0.20537903682978434,1.0589612766818515,0.6465724068827308,-0.8642507744000223,-0.8218080564897021,-0.8863556104528401,-1.2986542903848781,0.4770132242411563,0.34545068900146864,0.0,-0.7597254682078214,1.2264068385549312,-0.09899408621290479,-0.2854043199379457,-0.025397830418646884,-0.42182280398006433,-0.20753765941390015,0.11832159566199232,220.0,3.1622776601683795e-05,0.04,0.1
23,0.40745507129111536,0.5893125993190003,0.7583126314510744,-0.2941075328354193,-0.044367156729014,-0.1810450503878033,0.21981449896367428,1.017330504215286,0.6237025918544672,-0.8400313150845522,-0.8767822371770532,-0.8810298031112914,-1.2199463598723286,0.5399680250813642,0.3769204902302465,0.0,-0.8350068952545744,1.2317257634599381,-0.10930170522613686,-0.32445029452915325,0.019363863219413482,-0.4598731407596367,-0.1664624087639353,0.11832159566199232,220.0,3.1622776601683795e-05,0.04,0.1
24,0.41578370472245596,0.5880129137741072,0.7603565368451703,-0.31093808205696805,0.0060451712510145314,-0.07905387085403352,0.16721096395437224,1.0004512874799438,0.7318871189615168,-0.9613194221881481,-0.9252172287744822,-0.751668832290116,-1.3506319058406926,0.5902251446950034,0.3698215763798866,0.0,-0.834764034194613,1.2610043701752842,-0.10663815287235673,-0.43446618153569627,0.05693637730273919,-0.4690358641133235,-0.12837101346286875,0.11832159566199232,220.0,3.1622776601683795e-05,0.04,0.1
25,0.4220194368819207,0.5905281605678481,0.764217330205953,-0.2357354194359574,-0.020346297555545356,-0.22870165916785898,0.15843963406752248,1.0700778859968325,0.8040675306951499,-0.986287746023544,-0.8592696131218659,-0.7855896968375692,-1.3390660056343726,0.3850000688144548,0.39129396193413973,0.0,-0.8150573036756353,1.2146712070073327,-0.11331418275491371,-0.27685090945327406,0.013722189139036499,-0.47204682935388115,-0.201052708944871,0.11832159566199232,220.0,3.1622776601683795e-05,0.04,0.1
26,0.4061144077554525,0.6034345333967255,0.7651651969472179,-0.3109199459214995,0.02790784681905705,-0.15843322609274113,0.21663856247010863,1.017108198529576,0.47178585453328314,-0.9854746896026125,-0.7523302582917684,-0.6455762047051827,-1.404014883589386,0.6106151744711121,0.4156696809515842,0.0,-0.824460344058737,1.229307811419502,-0.10072764693253466,-0.33672383177413207,0.0036854368788872285,-0.49231591105477857,-0.17128335700234543,0.11832159566199232,220.0,3.1622776601683795e-05,0.04,0.1
27,0.40220645134845434,0.6079399056719048,0.7664063476758814,-0.4189392722815983,-0.014949904662510475,-0.19913739723841525,0.2810444025426846,1.0289591967313907,0.6888045971498977,-0.9566177748878391,-0.8923912005798299,-0.7822655039079128,-1.2498187854537934,0.553959509652496,0.311796010711394,0.0,-0.7294296934959565,1.1750055251704117,-0.15241129662280972,-0.29629658308099727,0.048369211449549594,-0.5469752232161467,-0.16607688801322074,0.11832159566199232,220.0,3.1622776601683795e-05,0.04,0.1
28,0.39858826131356184,0.590157325002235,0.7547438173860794,-0.34884222797928116,-0.00649381363533653,-0.17526997252265372,0.2546024993631093,0.9954079307230187,0.6717314430863698,-0.9257793224116694,-0.881703752219077,-0.9051022986816358,-1.2576539102984448,0.6065272010467071,0.39734492797679,0.0,-0.7364146628910613,1.2684641737149265,-0.0945430610828901,-0.32615837310603873,-0.04278262558839488,-0.5156011140157807,-0.13790277845392326,0.11832159566199232,220.0,3.1622776601683795e-05,0.04,0.1
29,0.4101540566845161,0.5948927780718299,0.76271633444877,-0.34998760098574777,0.02691154619412386,-0.23431822302153968,0.21855196667624635,1.0419551870978312,0.6708260328032314,-0.8222591673204691,-0.9013904964012184,-0.9992239578119455,-1.25800353873479,0.4462994929673919,0.4162120149182468,0.0,-0.7096119876676212,1.1382224064577333,-0.10483585541360607,-0.32163510338000845,0.002946038115403146,-0.47148401990656863,-0.16540192244847524,0.11832159566199232,220.0,3.1622776601683795e-05,0.04,0.1
30,0.4069950874888353,0.6032426643348011,0.7666468584571795,-0.36420120605292966,0.004870320205195765,-0.18909673069500235,0.2370623572780529,0.9963363647794896,0.6356890939660019,-0.8466102827917512,-0.9125066163279048,-0.9106361340996482,-1.2178399003676206,0.5357205549999717,0.35549582149380676,0.0,-0.7093561231853769,1.2472129414298612,-0.11216471564834507,-0.403264487048563,0.019009619584586336,-0.5053617031580998,-0.09993713008515497,0.11832159566199232,220.0,3.1622776601683795e-05,0.04,0.1
31,0.40512969477713034,0.6097162459844856,0.7704552783094586,-0.3059115572306179,-0.018135498064225538,-0.21840259774711188,0.22781045976481554,1.0022435157879062,0.7144936796040942,-0.8628164311457167,-0.9138085658393011,-0.9020884156690872,-1.1615527563110424,0.4966442806849057,0.35469667427993434,0.0,-0.739858724653139,1.191363008026882,-0.10685630007111219,-0.35316435388532613,0.011234588765347822,-0.48581932564900754,-0.11421462720547927,0.11832159566199232,220.0,3.1622776601683795e-05,0.04,0.1
32,0.4092822197139684,0.5911667898108527,0.7613975044715169,-0.2601788661235513,-0.03629096119937288,-0.23588476492401983,0.199145234114491,0.9520997508504855,0.8441189440546495,-0.8402984286371918,-0.8623195398282598,-0.8150092849686279,-1.2091524147639097,0.36765265430448163,0.3584374394354722,0.0,-0.7553666316453125,1.1411866564659614,-0.11865830143353588,-0.4215675788655864,-0.005510532619815883,-0.45713565418373037,-0.054702212111703605,0.11832159566199232,220.0,3.1622776601683795e-05,0.04,0.1
33,0.41505313111270736,0.5839318494545942,0.7603824402981934,-0.2532540074354167,-0.011708162877108675,-0.3202557409137176,0.16135533211368688,1.018190483679338,0.8289921206388685,-0.8491639718797134,-0.794229444672903,-0.8196782596299036,-1.1922041611924843,0.31632558229748475,0.22286057717042176,0.0,-0.7552606012558589,1.1097996646734765,-0.13126712550861533,-0.32079698949944885,-0.04815569714825019,-0.40142535293909426,-0.1112186707973001,0.11832159566199232,220.0,3.1622776601683795e-05,0.04,0.1
34,0.40568228361587566,0.5859436774204316,0.7605331663048394,-0.24062431111275792,-0.05260601254062248,-0.26162980031091304,0.15067987061284116,1.0291368605804903,0.8005147587450715,-0.839292959056576,-0.8382816460524402,-0.7934406721422137,-1.2380574266519835,0.3942992152405686,0.2943929959428189,0.0,-0.8355552156279974,1.1535971013025847,-0.12036937841656624,-0.2817086926770946,-0.042827870193458566,-0.35365375652176023,-0.13036458641733545,0.11832159566199232,220.0,3.1622776601683795e-05,0.04,0.1
35,0.38861179950426483,0.5922375039624459,0.7591960865418714,-0.3528804184276194,-0.048517419500240216,-0.20131616171719036,0.2501144637231874,0.9969636741167257,0.5818029642668138,-0.794473040428702,-0.8764949760838533,-0.8352673274183283,-1.2484241013851571,0.47872658224194437,0.31426962215110305,0.0,-0.7702179318558761,1.2423829541312321,-0.10667183389155264,-0.371862217363873,-0.011917122927123564,-0.40801078532973156,-0.0793974358663139,0.11832159566199232,220.0,3.1622776601683795e-05,0.04,0.1
36,0.4021449105097463,0.5853510975002514,0.7566712422078137,-0.29040307441748153,0.021234075540213698,-0.2614804883191286,0.2856529065126159,1.0280512220840339,0.49783794620213095,-0.9166183924402387,-0.7343587616065353,-0.8826206618333694,-1.3475029961251674,0.4607968164569947,0.3809660987416826,0.0,-0.8176692137556729,1.2744060396297594,-0.09303336323584997,-0.37602552792226984,-0.052376625378719906,-0.40591911317710544,-0.14162270593979723,0.11832159566199232,220.0,3.1622776601683795e-05,0.04,0.1
37,0.4111342311288565,0.5768690353613998,0.7557587711222246,-0.3341863775891662,-0.04386572717687876,-0.24824756661239408,0.16872194397145507,1.057210596192892,0.8105898032549691,-0.8606492958559071,-0.8197042454654915,-0.8239157403051338,-1.2588748873829363,0.4287562387138235,0.3533083596001907,0.0,-0.8355511550093316,1.1651125230191668,-0.1312646588974741,-0.2856639044262458,-0.010384357858896144,-0.4339334832478755,-0.13101764508519353,0.11832159566199232,220.0,3.1622776601683795e-05,0.04,0.1
38,0.4072590202964117,0.6030098639662691,0.7671554244186781,-0.3935739153311289,0.008994127564611765,-0.2799942916735017,0.2386951262938439,0.95497630289822,0.7058329097524957,-0.7594340810559863,-0.7463546026937788,-0.8429048707991221,-1.2184833933459631,0.3429690603978158,0.2821239111300141,0.0,-0.786165640313855,1.2845670002925633,-0.09548136684330849,-0.44963448288955304,-0.024163904513809373,-0.4159360102289541,-0.07807809743947759,0.11832159566199232,220.0,3.1622776601683795e-05,0.04,0.1
39,0.4094631831990173,0.59746157920725,0.7643375562151009,-0.27738437397401,0.0017513943705442104,-0.3084441385034926,0.18349375673210774,0.9553668617326042,0.7717109340568018,-0.8151071581488878,-0.808128769371585,-0.7531202196139534,-1.2282739588760405,0.5104185965851592,0.3470320545022084,0.0,-0.7702319087662788,1.1735086988812553,-0.14260423777894374,-0.343514162561064,-0.01708992580233217,-0.3716002678991073,-0.12035678685343973,0.11832159566199232,220.0,3.1622776601683795e-05,0.04,0.1
40,0.40856968082532785,0.5967203686522731,0.7624676006092763,-0.24842282602499377,-0.01428167591239843,-0.24348041841859305,0.21727802182738618,0.9952478057515904,0.7436872185850992,-0.9676411078724255,-0.8929419834982143,-0.6499300547284403,-1.286841509128025,0.4932005774153452,0.35014082848623823,0.0,-0.769652163570275,1.150097527034678,-0.13689446765147534,-0.30428091149077596,-0.014166644011788404,-0.41822004487261827,-0.17643729244063494,0.11832159566199232,220.0,3.1622776601683795e-05,0.04,0.1
41,0.41651073464705357,0.5886658842717258,0.761140671614452,-0.35429128577254176,0.0033392973088076632,-0.2598330492571912,0.1662234893531932,1.0594216327613384,0.802893127161777,-0.9314704820574586,-0.7107281501694046,-0.8219511807369024,-1.3935481333042012,0.4508163559055302,0.3670501103405294,0.0,-0.8121033304246091,1.1811731447992173,-0.12821789125629893,-0.247583768761779,0.04613825726980965,-0.5040489933248264,-0.18112223233678834,0.11832159566199232,220.0,3.1622776601683795e-05,0.04,0.1
42,0.40398133440948114,0.5917462971776533,0.7589420751320671,-0.30758137497745447,-0.05656554835639886,-0.24096592390026658,0.264235759337078,1.087875932941006,0.5592106444197609,-0.895444558243498,-0.889684386128167,-0.9253246401353781,-1.2138017310858138,0.5308688143060916,0.30677995407682784,0.0,-0.7551067787587628,1.1551940743582938,-0.13250344740670417,-0.20998405319207736,0.019669852931044902,-0.5580756968871159,-0.18937183846953737,0.11832159566199232,220.0,3.1622776601683795e-05,0.04,0.1
43,0.39680712290304354,0.5954434290236277,0.7587323376765241,-0.3137534710207378,-0.02680561883327725,-0.23794938528934986,0.29245436010123727,1.0279032033621225,0.6105841184872897,-1.0309322513080685,-0.7681781103287312,-0.8192779914664308,-1.257216085367671,0.5730231107887888,0.3822820443548788,0.0,-0.7627903439408956,1.292672343533265,-0.11413347752455649,-0.2751192042550308,-0.017123759832339047,-0.48295098265551606,-0.16934537626541932,0.11832159566199232,220.0,3.1622776601683795e-05,0.04,0.1
44,0.39991868826642596,0.6004750027215497,0.7630432763387933,-0.3839861740628978,0.009606950465584803,-0.1579009318772011,0.25754007472623724,0.9786368468418389,0.5454001161811814,-0.8614336321016457,-0.7935271975723589,-0.9098481467823871,-1.2486654824821846,0.5439573247281727,0.3221290612332814,0.0,-0.7599462105758144,1.3287512083700999,-0.0760405768047403,-0.4421822431185589,-0.05570946838732129,-0.46735462504756553,-0.08290647063626076,0.11832159566199232,220.0,3.1622776601683795e-05,0.04,0.1
45,0.4013430277469823,0.6120012097137182,0.7703012651159907,-0.31171134577463827,-0.004389912491484314,-0.15075695532993988,0.24935540532155442,0.972925456146125,0.6960641231217832,-0.895879434248517,-0.9078454661747658,-0.8483275773060936,-1.2726824178844987,0.5055835682529645,0.38374529466960344,0.0,-0.7857071748591485,1.1923662534858464,-0.11933194325039852,-0.4072897034374745,-0.02455150988556013,-0.449392593420416,-0.09741160930186686,0.11832159566199232,220.0,3.1622776601683795e-05,0.04,0.1
46,0.39550900067573647,0.5948228422152254,0.7587563000286759,-0.3150270028491936,0.03644818578301098,-0.245652575236265,0.25532609317188026,0.935360506869368,0.6389184047023727,-0.7823096062770442,-0.8616086494479354,-0.9720933599866661,-1.2271879173789153,0.6002678235381262,0.3175865388799302,0.0,-0.716295740911023,1.2025056657239324,-0.11046104493962437,-0.41203668885404837,-0.022488412927937546,-0.415121660185512,-0.07584218781645614,0.11832159566199232,220.0,3.1622776601683795e-05,0.04,0.1
47,0.4053240906207546,0.5932229850378403,0.7630307472892364,-0.2979251685223854,0.005251903756188504,-0.16760587834095264,0.17668675282888285,1.0672921928995238,0.6923485878177617,-0.9259743652769368,-0.8388250958221029,-0.8932211199681763,-1.321008398734358,0.5353269988473344,0.33622185684238115,0.0,-0.8458098819174465,1.1452479378089973,-0.11070342224864543,-0.27943294295710996,-0.0015664400688456188,-0.4672452178112719,-0.1429883925903975,0.11832159566199232,220.0,3.1622776601683795e-05,0.04,0.1
48,0.41085519328379894,0.5808656492743834,0.7558559712712163,-0.28597512409444875,-0.006038073094964265,-0.2796410468410006,0.19074781440059896,0.9827443447007553,0.8174976819143869,-0.9059612161347582,-0.8145295316671155,-0.7603001078150847,-1.221270830044322,0.5273292206086649,0.32498269881231034,0.0,-0.7689685963290622,1.1751970663439917,-0.12087432981448243,-0.361000333487328,-0.05095113246340167,-0.3937139262796046,-0.1103577558376137,0.11832159566199232,220.0,3.1622776601683795e-05,0.04,0.1
49,0.42119305745934443,0.5849408279434869,0.7618318791955055,-0.25343282047484234,-0.06922524870933801,-0.20189398777184275,0.16456621091474596,1.0659960640104127,0.8170997562630817,-0.9526390532318795,-0.8745906533455673,-0.7478015910242636,-1.3747021404065909,0.5119069683552596,0.372953878153923,0.0,-0.8965535586341619,1.2067886161796413,-0.1228681602609279,-0.31743119454384405,-0.001401386862222293,-0.5137531766291944,-0.13473028007813975,0.11832159566199232,220.0,3.1622776601683795e-05,0.04,0.1
50,0.42084086947025634,0.5821493983953265,0.7592726478075851,-0.2368841333230953,-0.020886158440824754,-0.3202204493672972,0.2467935418080311,1.029421804537853,0.6531981037989628,-0.8174872211395108,-0.8936956986166276,-0.8881336584965436,-1.227524860661309,0.34917276840814154,0.2846465506647194,0.0,-0.7436031988051095,1.1168609993318341,-0.14062285212354436,-0.38631654745069127,-0.009944637415654172,-0.4005349881174658,-0.16670487360365915,0.11832159566199232,220.0,3.1622776601683795e-05,0.04,0.1
51,0.4148764286696728,0.5861563955890132,0.7591877438930379,-0.31384095056503747,-0.06342179977913183,-0.30366086074672954,0.26017890501255214,1.0566654959852675,0.7976476651618734,-0.8955176830607717,-0.908696793174116,-0.8688909242000509,-1.1984307386345685,0.4186699228338634,0.3443164595851589,0.0,-0.7931852355463687,1.2148758768445214,-0.11835759369040459,-0.3039173293166772,-0.012147123294172031,-0.47634275066498744,-0.18275294113201992,0.11832159566199232,220.0,3.1622776601683795e-05,0.04,0.1
52,0.4064885914273776,0.5906123031344465,0.758978551141537,-0.3367073216138287,-0.00887929646688967,-0.28712402236117607,0.25974869202633877,0.995042338750578,0.7106304047020856,-0.8775788751979056,-0.7934897762570919,-0.8310595807350254,-1.1602281597992632,0.3935758384528475,0.2884592761685721,0.0,-0.7677518096965978,1.2406244147379426,-0.12129192933112627,-0.35348662391406666,-0.047761874636951564,-0.4714654267689134,-0.11454029440643644,0.11832159566199232,220.0,3.1622776601683795e-05,0.04,0.1
53,0.4086530051225521,0.5901244584733931,0.7596740137457584,-0.2968341931278745,0.0005276729928327001,-0.3037484183642376,0.17398861746657684,0.9667212012180978,0.8356935054838589,-0.8377382574368597,-0.8361768303735535,-0.6854803608176782,-1.3700152436445032,0.5118304522720594,0.3415185988491932,0.0,-0.8292184047261496,1.2663944268357217,-0.13434830603897557,-0.31111655477062433,-0.07033623169643512,-0.40580731342823556,-0.11153140266507308,0.11832159566199232,220.0,3.1622776601683795e-05,0.04,0.1
54,0.40600064195265917,0.5915725756433946,0.7599189454550974,-0.3384142397927563,-0.03235307633180234,-0.20051277398525227,0.22656478067118627,0.96992656414682,0.594606970412241,-0.8573450998589792,-0.7193020537094303,-0.7011202228633112,-1.3915843804808308,0.47369093690140446,0.39101809473312454,0.0,-0.7917984787918652,1.1902858337190925,-0.09920880938772145,-0.4299112636200197,-0.021778776498410233,-0.4539593572831548,-0.07963623316814068,0.11832159566199232,220.0,3.1622776601683795e-05,0.04,0.1
55,0.40343289943767224,0.5961569272714209,0.7615696382023521,-0.26607431098445194,-0.03920609294972652,-0.21600818228912774,0.2589439217285789,1.0233735042111425,0.6930402460918191,-0.8985391384165045,-0.9366706825802406,-0.8550558769037852,-1.2073579398899295,0.46961732520150595,0.33901720417444414,0.0,-0.805586303771375,1.151219919882453,-0.1440557723841826,-0.2955042049242863,-0.034740204908635976,-0.4809749953020594,-0.14257598311986863,0.11832159566199232,220.0,3.1622776601683795e-05,0.04,0.1
56,0.4043915396982293,0.5892561347887352,0.7572990317925218,-0.2776991946676898,-0.06560264452210153,-0.27946921608465297,0.28727781210009595,1.0106324626329835,0.7175042248089417,-0.8132038114795551,-0.987579984279028,-0.8593322261210218,-1.2283935773300756,0.39503434371960466,0.37651625036348313,0.0,-0.779685321305116,1.1611298250430184,-0.13136188812068028,-0.30828109370974394,0.013310472145032113,-0.40288996286658607,-0.1937582747523608,0.11832159566199232,220.0,3.1622776601683795e-05,0.04,0.1
57,0.419390420427342,0.5912177465826152,0.7636562925178292,-0.2833581062133508,0.013162378789359202,-0.3063662009528636,0.17748082629927028,1.029275982924466,0.8277028959687945,-0.8810501235900916,-0.9343155330535612,-0.8707856678305116,-1.2280052728765543,0.4545323193875236,0.3733997827230756,0.0,-0.7133684968674489,1.2361927307269183,-0.15876698254949204,-0.2806235488476168,0.004735000755659759,-0.356486880037853,-0.21292592379224956,0.11832159566199232,220.0,3.1622776601683795e-05,0.04,0.1
58,0.4153479862562066,0.6000148013195621,0.7664126657343108,-0.35410530844760135,-0.007662426833195059,-0.1561318438635012,0.14755919438727663,1.0021147304539832,0.8201236799645728,-0.892470401308726,-0.8430321006548035,-0.733057673788288,-1.2718473911425197,0.5121122356927823,0.3245236559451205,0.0,-0.8566673452825834,1.228231539068459,-0.11894465423181515,-0.3416557469304864,-0.015672229832426117,-0.4373179791018226,-0.16694000932470843,0.11832159566199232,220.0,3.1622776601683795e-05,0.04,0.1
59,0.4005945248566948,0.609692222530781,0.7662416903339484,-0.4302108705055117,-0.054708523650015425,-0.1565186634791751,0.28312482623267526,0.9127758839005161,0.6239079685523308,-0.765622869789719,-0.8471283448550055,-0.749350358766481,-1.2829576778638274,0.522136296066192,0.27482282018998455,0.0,-0.7402298147875508,1.2137835298594308,-0.09658965975336488,-0.5059264625014732,0.02634396150518584,-0.5047949806150964,-0.08023204141249399,0.11832159566199232,220.0,3.1622776601683795e-05,0.04,0.1
60,0.4041525423317758,0.5933700037711707,0.7579018952896962,-0.38873364957944945,-0.039851792227781,-0.22510286829965698,0.2546571546615431,0.9928532518097418,0.6044908309291397,-0.8663385238245748,-0.8085018431622508,-0.6484489526336148,-1.1989604056247938,0.5135268166979099,0.28340941424544563,0.0,-0.783175133316535,1.1660112942403158,-0.11393052362129065,-0.341686793726241,-0.006037430417416218,-0.49586645207733543,-0.16509651170596354,0.11832159566199232,220.0,3.1622776601683795e-05,0.04,0.1
61,0.4092995851780251,0.5954647867951476,0.7610711184961481,-0.37334042674769863,-0.002480449491839706,-0.18289105249906903,0.2484474229395478,1.0096139818047691,0.6607302985587918,-0.8503611899186748,-0.8601844013525171,-0.9208106561702519,-1.2126228165404873,0.4527890883341717,0.4679177892797391,0.0,-0.7788618711332734,1.203397885465132,-0.09194950179171031,-0.37827017060456875,0.0506115894978236,-0.4985010205057491,-0.19635948586416654,0.11832159566199232,220.0,3.1622776601683795e-05,0.04,0.1
62,0.404509965840685,0.6008542643956281,0.7623716037354441,-0.3685450013765013,-0.02213806589437235,-0.19123254532929276,0.2500997784573266,1.0120289009551988,0.8251998579663611,-0.9186593218755239,-0.9459116061347959,-0.8326420388238179,-1.2701340568930115,0.49360627572765364,0.44508040852987757,0.0,-0.8074258577005752,1.2270327051928467,-0.11679859409211032,-0.2851674321637913,0.02496392167778114,-0.39792243050377074,-0.2883952838942822,0.11832159566199232,220.0,3.1622776601683795e-05,0.04,0.1
63,0.4044420658408576,0.6030853059788673,0.7636146473057992,-0.36472929059370146,-0.060811326486338385,-0.2169945484597281,0.2638427329535832,0.989612509758907,0.7214565127738426,-0.8615935978066542,-0.8421157674784222,-0.8012568875514473,-1.3988743868924025,0.43800031162400765,0.37777822898251456,0.0,-0.7369065224853614,1.1803153022255655,-0.12921240488737956,-0.3159294293679156,0.020244990496280944,-0.46886157699925696,-0.21233650041896868,0.11832159566199232,220.0,3.1622776601683795e-05,0.04,0.1
64,0.411547833808509,0.5986951766931383,0.7641105654388614,-0.34618896071028793,0.0032646097338129452,-0.2368569154796636,0.230552227758086,1.0110591899888883,0.6495377840691815,-0.8979259864928189,-0.7273639260649682,-0.791637681616458,-1.2806492210714804,0.42408036483059286,0.3108100160920431,0.0,-0.8005378558010127,1.1993206203619584,-0.11424563804707275,-0.343650708141128,-0.020759099041828745,-0.486409854533434,-0.21740971146198307,0.11832159566199232,220.0,3.1622776601683795e-05,0.04,0.1
65,0.4176509058107848,0.5913318856422587,0.7625467430294994,-0.33846052923624587,0.0014777474782451448,-0.24670937941223917,0.2086464988349307,1.0126854322504866,0.6990624545943634,-0.868215503059828,-0.7649422293740206,-0.8172488565685871,-1.1763383715290001,0.40067269648488335,0.3787131294294781,0.0,-0.810223075177655,1.2067653269745673,-0.1189777164681565,-0.3796160727247142,-0.04183618557788341,-0.4265425448789895,-0.23049040877119276,0.11832159566199232,220.0,3.1622776601683795e-05,0.04,0.1
66,0.41680843657331723,0.594006260987481,0.7635096310818699,-0.3146222397881332,-0.037023577025463834,-0.24404748782248456,0.24262352323448733,1.0372490399392025,0.5777882053906991,-0.9127595448567356,-0.8401420570456237,-0.7794630945767895,-1.2441568689616143,0.5563985150952284,0.29345881590826245,0.0,-0.7625310237303884,1.2437084941076855,-0.10856171773348496,-0.36682072099373525,-0.007561916933862601,-0.4925082113606971,-0.2300165122600603,0.11832159566199232,220.0,3.1622776601683795e-05,0.04,0.1
67,0.41452460669861224,0.5969643329532957,0.764091269462778,-0.33759974685411326,-0.016546812847159774,-0.20067325060340896,0.23620890834910044,0.9928150177699122,0.7101406638496833,-0.9047455466322655,-0.9358416005939139,-0.7653490010321629,-1.3176526070595889,0.5001526759476667,0.33704909672542643,0.0,-0.7174707693635198,1.2297208556761152,-0.14102398536894242,-0.40277543083486267,0.02784131876221545,-0.5189182447364321,-0.16573833836296595,0.11832159566199232,220.0,3.1622776601683795e-05,0.04,0.1
68,0.41050402336448566,0.5978546842428933,0.7630765747565387,-0.3748712700854213,0.031537558142903495,-0.25885795115508825,0.20202786517132454,1.0134646099618452,0.6067676135367236,-0.8365425351280203,-0.8364530324691589,-0.7881977212992923,-1.194155723334692,0.49555810252577676,0.3004862115126713,0.0,-0.7467441660683752,1.2896485130101436,-0.09760001742009708,-0.3164331034424638,-0.024649522172316602,-0.4351072296821608,-0.24186862484742128,0.11832159566199232,220.0,3.1622776601683795e-05,0.04,0.1
69,0.39571325267248225,0.6138113111912384,0.7676223987601812,-0.39042285178923924,0.053752816431540944,-0.35087058185197306,0.25268557303491496,0.9404368817455439,0.5625565849092081,-0.7537863781119664,-0.6958329495294161,-0.7554951711831689,-1.2965180817280682,0.5327559660393811,0.3444497632224782,0.0,-0.7401742086949062,1.2220972749279146,-0.11669984317413531,-0.31452847327816413,-0.05544816773541538,-0.34547908167236324,-0.27194751634065284,0.11832159566199232,220.0,3.1622776601683795e-05,0.04,0.1
70,0.3980550555081971,0.614935773025034,0.7695407438962145,-0.40298812006948553,0.0384654662091549,-0.16668209036356368,0.23602582839791827,0.9718358957145392,0.5958217082207438,-0.7881274607667421,-1.0472675925421755,-0.8219476048374318,-1.2709056776995304,0.5730492602805849,0.38050664501994785,0.0,-0.7283598252891251,1.3607963555342586,-0.13689880350447742,-0.3498980438194003,0.019547833731732207,-0.4489408370601983,-0.2595062569341072,0.11832159566199232,220.0,3.1622776601683795e-05,0.04,0.1
71,0.3984012872009087,0.5975966051118459,0.7602468782400961,-0.2999233643895401,-0.017414370684186813,-0.2158506469934714,0.2957768395936673,1.0238331284807105,0.693980782458979,-0.7996803227342582,-1.0458129885357097,-0.9300691638053912,-1.2060676217681092,0.38300355469161673,0.4239956283913561,0.0,-0.858234398538785,1.1375685555990935,-0.1438187918305895,-0.28706351953255566,0.02614646907188457,-0.4647531549184283,-0.333061299319534,0.11832159566199232,220.0,3.1622776601683795e-05,0.04,0.1
72,0.41039662317787606,0.5992137420010546,0.7654060838558752,-0.3364671595877371,-0.02745183306225726,-0.25193497404271015,0.23019221840093385,1.0701668072374417,0.7811165159198639,-0.8887242775412778,-0.9621998071259392,-0.892401033521528,-1.3025748218171749,0.5487703939006103,0.3733729080076991,0.0,-0.8292555881994784,1.2317201659066208,-0.11632203527634496,-0.25120320191182943,-0.039409156323836264,-0.47703806279494665,-0.32338248593796237,0.11832159566199232,220.0,3.1622776601683795e-05,0.04,0.1
73,0.4106452761070696,0.5890846694126222,0.7597153316665434,-0.3608670344862392,0.0030661648999561193,-0.1988807253150254,0.2311270196519219,1.0152227765838957,0.6222505709634548,-0.8778322942047646,-0.8584749627010183,-0.8014685252913819,-1.195015401120008,0.5123079072764164,0.37010579719091413,0.0,-0.8394719809394311,1.328375766184636,-0.11157463483197877,-0.3904702185748624,0.015047505771091745,-0.45508547068107386,-0.27400688417633934,0.11832159566199232,220.0,3.1622776601683795e-05,0.04,0.1
74,0.40549857421696256,0.580162924018322,0.7524920134100865,-0.26369691433469933,0.03978090512675603,-0.25114989121134246,0.2596273315991699,1.0347123435365577,0.49644423605819527,-0.9278455668947541,-0.7382645930363202,-0.8066609445966152,-1.4628260733539513,0.5126886593169906,0.42407053991571825,0.0,-0.8507121906634926,1.1674755815877427,-0.10240019980089664,-0.31131236099781223,-0.012126801196616216,-0.39047613575337703,-0.3528105796710996,0.11832159566199232,220.0,3.1622776601683795e-05,0.04,0.1
75,0.4097135913834308,0.5894347687812734,0.7599731899893011,-0.42319306041189503,0.030466740122460347,-0.2280844547493732,0.21539551352568662,1.0544662322517504,0.6947056479692155,-0.9329500095632488,-0.7743673401828316,-0.7373043866085137,-1.324660804925759,0.5700248674035171,0.36142373456369375,0.0,-0.8684249565401101,1.2155221436654808,-0.13424833596191635,-0.3077800614536579,0.012084671049912883,-0.506986883271894,-0.2901231950312866,0.11832159566199232,220.0,3.1622776601683795e-05,0.04,0.1
76,0.39951839618493146,0.6091335608994848,0.7668227081274405,-0.39905832727961127,-0.037108991328902614,-0.2508440842740922,0.28973657069659625,0.9821468974080872,0.5712020733152992,-0.7680414874224679,-0.8103161395218289,-0.8513938263179166,-1.2368866631932174,0.3924102478395485,0.33888854759167353,0.0,-0.724092677306301,1.2024227267163141,-0.12198064590754182,-0.35937630632209094,0.054766478755872094,-0.4866116030730356,-0.2611100635716235,0.11832159566199232,220.0,3.1622776601683795e-05,0.04,0.1
77,0.404992130750222,0.6016002208255118,0.7642915524220537,-0.3478061139966268,0.026923503690549785,-0.1815386486794565,0.19177051635344342,0.9595549630542513,0.6735106640114529,-0.774378933035492,-0.9291921679317848,-0.8348107751479455,-1.2418939993323075,0.4913187219400213,0.3414957204727151,0.0,-0.7365401446072146,1.199694710783064,-0.11631326436045165,-0.3878210861941997,-0.032466526087141755,-0.45752291079485274,-0.211385855807662,0.11832159566199232,220.0,3.1622776601683795e-05,0.04,0.1
78,0.40789314626900597,0.6029094482726454,0.7659281563033946,-0.31734003579957115,-0.01712853239125382,-0.17752510601829333,0.21886431245424678,1.0069017192888758,0.6420965376635838,-0.7603540898315403,-0.9723522848621962,-0.9396207294453827,-1.2775545858990198,0.4655535753315753,0.37330031895622645,0.0,-0.7853605810709089,1.2005679460756957,-0.12184428846031159,-0.33577227290599687,0.01754844626989052,-0.44111438205927356,-0.2760311509201475,0.11832159566199232,220.0,3.1622776601683795e-05,0.04,0.1
79,0.41338579656805086,0.5822663836566898,0.7557388327192304,-0.3284531357357762,-0.0340097525173642,-0.25010331759473914,0.2052392184823871,1.0352302864308478,0.6786456182373098,-0.8233612888902457,-0.8614862972312406,-0.7956346887831299,-1.3098060105395577,0.39523729113500605,0.41174651194659084,0.0,-0.8039599937667534,1.2310640095588172,-0.13002496991926513,-0.27788282551114396,0.04682667354587022,-0.4051522717616235,-0.3142893755664995,0.11832159566199232,220.0,3.1622776601683795e-05,0.04,0.1
80,0.4207387252093182,0.5886112204162957,0.7624859284538584,-0.28019998185403966,-0.011409327105188145,-0.24568881041638008,0.16246180872960148,1.0844287425700971,0.7530647448588382,-0.8980459784628507,-0.880363103979915,-0.9070900491614758,-1.2558209992539202,0.37776630372283637,0.34838421362012456,0.0,-0.7726516839205417,1.194718879932251,-0.120411333602354,-0.23672969947765016,0.0048526276666436404,-0.39797768762116414,-0.34281307208322775,0.11832159566199232,220.0,3.1622776601683795e-05,0.04,0.1
81,0.4109803477600036,0.5852672872475924,0.7560707274928348,-0.2707945246790577,-0.04203640241582225,-0.19721403030888765,0.23457140882003918,1.0189678940451348,0.5765579078853748,-0.8755166017178337,-0.9274808927056775,-0.9055505644074267,-1.3477974567957662,0.5986537974324805,0.33755628478334043,0.0,-0.7242683844796493,1.28104174387016,-0.07550105046977292,-0.36439085696455226,-0.07146334349841171,-0.5161780223945331,-0.21346147966613394,0.11832159566199232,220.0,3.1622776601683795e-05,0.04,0.1
82,0.4169788534554302,0.5867662294403349,0.7592969598199941,-0.2794023100213504,-0.048772408461176205,-0.2568431474627244,0.21893729906009918,1.0310742627902785,0.6930067902033031,-0.8241354315475102,-0.8896000404703044,-0.9314803785233617,-1.231950464915383,0.4351229600624735,0.3834459424735933,0.0,-0.7067004081667428,1.0923113038363386,-0.11550785483355962,-0.32812627603386507,0.02668468079297392,-0.4613379679603919,-0.24889648751682092,0.11832159566199232,220.0,3.1622776601683795e-05,0.04,0.1
83,0.4147102597295681,0.5968703883207551,0.7640885198946072,-0.24175775672605615,-0.0025563852365973225,-0.18744014077614274,0.19576477567476533,1.0354541150687444,0.5934770127436424,-0.8162357051341727,-0.9618855202779031,-0.9104534381090568,-1.2087247292928862,0.44440255854779465,0.3531831222842373,0.0,-0.7882895610478047,1.1357245386769919,-0.11746349446885619,-0.31196927813770975,-0.034406831093422845,-0.4566448302862508,-0.21711064377008785,0.11832159566199232,220.0,3.1622776601683795e-05,0.04,0.1
84,0.416896980891007,0.5846775594402008,0.7579708305674049,-0.2628840616735479,-0.011932043878930048,-0.17235811368957543,0.2032125008943624,1.0372732230682284,0.6490473801246206,-0.8627590312352398,-1.0172851590171668,-0.8303334583456332,-1.1690741696250708,0.5188428892366032,0.3711667507714416,0.0,-0.8496149685288735,1.2179243066525143,-0.12442356369587872,-0.33855944655991577,-0.010945895045263073,-0.42177015416579555,-0.2599135365211034,0.11832159566199232,220.0,3.1622776601683795e-05,0.04,0.1
85,0.4161242959422423,0.5944853667742718,0.7637804599287918,-0.23154873738129686,-0.0005614355765919643,-0.12342538543990805,0.18142755516877387,1.0874758617285871,0.5878623335382137,-0.9392865748635116,-0.9726181519196575,-0.8865154776370879,-1.3033349329646926,0.5344588035267974,0.4510021469747268,0.0,-0.8756263942160366,1.228811557402782,-0.10887558666807316,-0.26577221131556544,-0.033798636427378084,-0.391203875347035,-0.34694429130244553,0.11832159566199232,220.0,3.1622776601683795e-05,0.04,0.1
86,0.40910509001163553,0.6119839935178317,0.7708957064544839,-0.22850781497865585,-0.005865054233922597,-0.28421782187386363,0.21819171237042959,1.000807941702411,0.7178420526698357,-0.8704490817937652,-0.8669797209439914,-0.8642403578549112,-1.170855800716518,0.4742143633499361,0.3427744532611429,0.0,-0.7991401828350123,1.2085573424597815,-0.12030819215024885,-0.2634180100213745,-0.045045776498743424,-0.38579128033507054,-0.2772405274073379,0.11832159566199232,220.0,3.1622776601683795e-05,0.04,0.1
87,0.40839384694531755,0.6034762626630328,0.7656449846328787,-0.24358904899035946,-0.04115351144595865,-0.21539629571424657,0.21246699612043787,0.9569428244339663,0.6584570288277859,-0.8483187006527704,-0.7140020990094249,-0.7236208779291461,-1.264171201729046,0.467823025515029,0.3105482012844077,0.0,-0.8796152798802611,1.1189186313002895,-0.10345048455466256,-0.3760902809256315,-0.05585489967998773,-0.47477906968665934,-0.174202519336364,0.11832159566199232,220.0,3.1622776601683795e-05,0.04,0.1
88,0.40991386210770686,0.6005821395329745,0.7643292883373857,-0.32099281827138393,-0.017208837503933695,-0.23610272194911405,0.23968436449789407,0.9844024854564476,0.660344987265542,-0.8181726119934605,-0.9511650396351625,-0.8575057029804988,-1.1959690877627778,0.451822755894589,0.3152652875463959,0.0,-0.714862793470502,1.299944754850335,-0.11746037892483933,-0.3658635490013647,-0.01660727854609698,-0.4930263530961549,-0.17934635121211093,0.11832159566199232,220.0,3.1622776601683795e-05,0.04,0.1
89,0.40655157808651843,0.5947094152232717,0.7597061304863255,-0.32406238262909454,-0.042250657465500406,-0.2157082736239318,0.25845847974990593,0.9944212213005248,0.6354826872473437,-0.8125899231592068,-0.7801954939220815,-0.8042323727707142,-1.243730641814081,0.45525944496560883,0.30925265369075094,0.0,-0.8742222302403617,1.08792670445753,-0.10386098509778388,-0.35619087755191486,-0.006884154425496465,-0.48436244272250384,-0.21737786921910554,0.11832159566199232,220.0,3.1622776601683795e-05,0.04,0.1
90,0.4121214147183826,0.6011283923826714,0.7656184201169494,-0.33449863589349565,0.008412039366187049,-0.17719212914196084,0.21866193961823843,0.9690951671585302,0.6584112233091127,-0.923721028950857,-0.8059218612443853,-0.7416875604623703,-1.3030588329952852,0.4451442051161668,0.387933252428173,0.0,-0.7143123699830105,1.2106667622312168,-0.12163719609392364,-0.42278512247363953,0.02461665260861924,-0.4289506129911205,-0.1946719100849534,0.11832159566199232,220.0,3.1622776601683795e-05,0.04,0.1
91,0.4094188735736396,0.5953594158971798,0.7611044285366303,-0.3275366502603898,-0.006551001718321175,-0.25146932342370054,0.21976296425652986,0.9456492159925337,0.7626775856728236,-0.8153558762278674,-0.7726961336540634,-0.8061866997320446,-1.3517051743246964,0.46924104111603565,0.30242328702428556,0.0,-0.8020895951371816,1.2284623979598004,-0.12139429712516757,-0.38147388327840687,-0.018309350714837903,-0.43106179832712704,-0.1775120483407898,0.11832159566199232,220.0,3.1622776601683795e-05,0.04,0.1
92,0.4173000040295701,0.5884486314179742,0.7605310203182867,-0.3079485687175769,0.03821729295054081,-0.3083897800505398,0.23172731753082854,1.0560214151550533,0.6617878101223986,-0.9023126337653962,-0.8226723953502126,-0.8551268541217029,-1.3370015319145343,0.5418045611297159,0.41691480820698024,0.0,-0.7778906809791631,1.0924221933481384,-0.1276877608227544,-0.29420722430388524,0.015622017108999246,-0.3781523268532463,-0.3161017009093609,0.11832159566199232,220.0,3.1622776601683795e-05,0.04,0.1
93,0.41620563245487163,0.5883713744079512,0.759980915030352,-0.2894905864413666,-0.04445716088006204,-0.23763933232459133,0.199755579138784,1.020529480783468,0.6854306485342351,-0.8622332621775003,-0.8989104220527557,-0.7816920050018691,-1.2593577653940462,0.491263904301602,0.3626349625851473,0.0,-0.7967048783406026,1.2994457525586238,-0.09391051495464942,-0.3390486390700575,-0.023938832214295422,-0.456513194488402,-0.23871546543013245,0.11832159566199232,220.0,3.1622776601683795e-05,0.04,0.1
94,0.40779689526807494,0.6040517449212764,0.7661538450614975,-0.34728909189585405,-0.028588386115035593,-0.19966218507950995,0.2030432252733057,0.9867548941488463,0.70548204150233,-0.831120450329337,-0.8701351666308611,-0.8141081796749978,-1.324660106426069,0.48079116462204696,0.2571902165738123,0.0,-0.7529959590617628,1.282182036519301,-0.10714313660024206,-0.3350192750242685,-0.001722112744683206,-0.4468655319677276,-0.24283799304503,0.11832159566199232,220.0,3.1622776601683795e-05,0.04,0.1
95,0.4114121096983998,0.6035085590246139,0.7672472277201348,-0.3119865799891921,-0.08916208293453562,-0.1677894378523636,0.1953791248532292,0.9910959110906324,0.6306387292572934,-0.7934697762524314,-0.8421028970212173,-0.766849102648659,-1.3622951790901274,0.46663939588211056,0.3096831670600198,0.0,-0.7925102317177557,1.224526520398429,-0.09818250526726979,-0.3684180234184666,0.02580077839830028,-0.4680826994866394,-0.2296605501966656,0.11832159566199232,220.0,3.1622776601683795e-05,0.04,0.1
96,0.4050088690259477,0.6054392658403958,0.7661002563218886,-0.3880602208604926,-0.04612129508653796,-0.22944820995888401,0.23424290904872566,1.0279408683415887,0.7683086597449371,-0.8542157322837346,-0.8911310579405936,-0.8015380356292734,-1.3409509407334677,0.4813681710244785,0.3344273790739558,0.0,-0.7871597712404222,1.1896635163832614,-0.11186792147694696,-0.26447653739540306,0.0036174943401725283,-0.44785528984487444,-0.30062023205042004,0.11832159566199232,220.0,3.1622776601683795e-05,0.04,0.1
97,0.4119612172609832,0.5776888272943,0.7536555047325898,-0.32226189291290674,-0.06833706759399592,-0.22574003894301525,0.24071397174696377,1.0253958479516332,0.6329834868123784,-0.8251805152457757,-0.8710389844201228,-0.8231147892465444,-1.2739651263288794,0.5373036152478561,0.33485172636175264,0.0,-0.8159800796836412,1.187559611051754,-0.10761942330914558,-0.37123936283273495,0.0029197461855041597,-0.43800638367064854,-0.29133054308220574,0.11832159566199232,220.0,3.1622776601683795e-05,0.04,0.1
98,0.4189459820515269,0.5914453102732549,0.7633777975858143,-0.19416660806954084,-0.03930863914193486,-0.2787480191929968,0.1748344636662556,1.041821521497029,0.6866205205538888,-0.867218353790206,-0.7746347538978222,-0.8550873699114989,-1.3388636243277408,0.5814868606441316,0.3424779687684367,0.0,-0.8521101285074176,1.0747751754168695,-0.12109517886901923,-0.27354709084546336,-0.08363770335482168,-0.39534212172584104,-0.28932047149568335,0.11832159566199232,220.0,3.1622776601683795e-05,0.04,0.1
99,0.41394346891390976,0.605995507478752,0.769955177585291,-0.32183919268409883,-0.0013636667144223073,-0.23026806737810343,0.2035172077058145,1.0266066393423672,0.7341867576981743,-0.8491011922942016,-0.8983807402540843,-0.903498258846694,-1.2509426494908065,0.43953921931448875,0.374986288301641,0.0,-0.7579590158068745,1.1943966157518389,-0.10389158913831492,-0.3324501335453463,-0.03972493014031652,-0.42010170153158566,-0.2756776287139174,0.11832159566199232,220.0,3.1622776601683795e-05,0.04,0.1
